story,date,words
35-pounds,2023-09-01,1343
arecibo,2023-09-01,8825
beneath-coriandel,2023-09-01,81095
booksters-apprentice,2023-09-01,71975
cloudherd,2023-09-01,12866
eimin-medef,2023-09-01,14940
eimin-ossisswe,2023-09-01,17292
extinction,2023-09-01,118
five-letters,2023-09-01,2765
grsp,2024-02-17,5481
iffy,2023-09-06,34525
iffy,2023-09-07,34479
iffy,2023-09-08,29841
iffy,2023-09-09,31510
iffy,2023-09-10,33229
iffy,2023-09-14,37399
iffy,2023-09-16,38713
iffy,2024-02-15,946
iffy,2024-02-16,3630
iffy,2024-02-17,12669
iffy,2024-02-18,13798
iffy,2024-02-19,20183
iffy,2024-02-20,32844
iffy,2024-02-21,34924
iffy,2024-02-22,38150
iffy,2024-02-24,40415
iffy,2024-02-25,40567
iffy,2024-02-28,41195
iffy,2024-02-29,41764
iffy,2024-03-03,42267
iffy,2024-03-04,42750
iffy,2024-03-06,43318
iffy,2024-03-08,43879
iffy,2024-03-09,44415
iffy,2024-03-10,45367
iffy,2024-03-11,46509
iffy,2024-03-12,47084
iffy,2024-03-13,47922
iffy,2024-03-14,48474
iffy,2024-03-15,49027
iffy,2024-03-16,49677
iffy,2024-03-17,50195
iffy,2024-03-18,50735
iffy,2024-03-20,50962
iffy,2024-03-21,51233
in-heck,2023-12-23,4981
in-heck,2023-12-24,6122
in-heck,2023-12-25,6653
in-heck,2023-12-27,7339
in-heck,2023-12-29,7866
in-heck,2023-12-30,8377
in-heck,2023-12-31,9032
in-heck,2024-01-01,10066
in-heck,2024-01-02,10607
in-heck,2024-01-04,11133
in-heck,2024-01-06,11942
in-heck,2024-01-07,12456
in-heck,2024-01-09,12990
in-heck,2024-01-11,13447
in-heck,2024-01-13,13976
in-heck,2024-01-14,14485
in-heck,2024-01-15,14986
in-heck,2024-01-17,15518
in-heck,2024-01-20,15905
in-heck,2024-01-21,16472
in-heck,2024-01-23,16806
in-heck,2024-01-26,17403
in-heck,2024-01-27,18342
in-heck,2024-01-28,18838
in-heck,2024-01-29,13939
in-heck,2024-02-07,2578
last-wolf,2023-09-01,41953
leaderboard,2023-12-26,1094
leaderboard,2023-12-27,1657
leaderboard,2023-12-28,2169
leaderboard,2023-12-30,2551
leaderboard,2024-01-02,3051
maddy-roo,2023-09-01,31709
madica,2023-09-01,29297
princess-bear,2023-09-01,25847
santas,2023-09-15,8674
santas,2023-09-16,8791
santas,2023-09-17,9313
santas,2023-09-23,9857
santas,2023-09-24,10403
santas,2023-10-11,10897
santas,2023-10-12,11403
santas,2023-10-14,11956
santas,2023-10-15,12492
santas,2023-10-21,12956
santas,2023-10-22,13568
santas,2023-10-29,14068
santas,2023-10-30,14582
santas,2023-11-08,15136
santas,2023-11-11,15690
santas,2023-11-12,16677
santas,2023-11-18,17224
santas,2023-11-22,17721
santas,2023-11-26,18740
santas,2023-12-02,19364
santas,2023-12-06,20219
santas,2023-12-07,20756
santas,2023-12-10,21288
santas,2023-12-11,21808
santas,2023-12-16,22326
santas,2023-12-17,23474
santas,2023-12-19,23981
santas,2023-12-20,24725
santas,2023-12-22,25201
santas,2023-12-23,25943
santas,2023-12-26,26446
santas,2023-12-27,27147
santas,2023-12-29,27793
scribophile,2024-01-05,126
scribophile,2024-01-05,318
scribophile,2024-01-25,548
scribophile,2024-02-05,954
scribophile,2024-02-06,1191
scribophile,2024-02-10,1884
scribophile,2024-02-11,2164
scribophile,2024-02-11,2309
scribophile,2024-02-14,2888
scribophile,2024-02-16,3178
scribophile,2024-02-17,3656
scribophile,2024-02-19,4077
scribophile,2024-02-20,5387
scribophile,2024-02-28,5634
scribophile,2024-03-01,6634
scribophile,2024-03-03,7800
scribophile,2024-03-10,8300
scribophile,2024-03-14,8600
scribophile,2024-03-15,9000
sql-tutorial,2024-01-15,974
sql-tutorial,2024-01-16,974
sql-tutorial,2024-01-17,1322
sql-tutorial,2024-01-18,1322
sql-tutorial,2024-01-19,4407
sql-tutorial,2024-01-20,5387
sql-tutorial,2024-01-21,7162
sql-tutorial,2024-01-22,7200
sql-tutorial,2024-01-23,8215
sql-tutorial,2024-01-24,8215
sql-tutorial,2024-01-25,9626
sql-tutorial,2024-01-26,10409
sql-tutorial,2024-01-27,10957
sql-tutorial,2024-01-28,12614
sql-tutorial,2024-01-29,13102
sql-tutorial,2024-01-30,13213
sql-tutorial,2024-01-31,6617
sql-tutorial,2024-02-01,7421
sql-tutorial,2024-02-02,7489
sql-tutorial,2024-02-03,9124
sql-tutorial,2024-02-04,9726
sql-tutorial,2024-02-05,10078
sql-tutorial,2024-02-06,10198
sql-tutorial,2024-02-07,10539
sql-tutorial,2024-02-08,10600
sql-tutorial,2024-02-09,10878
sql-tutorial,2024-02-10,11573
sql-tutorial,2024-02-11,12784
sql-tutorial,2024-02-12,14835
sql-tutorial,2024-02-13,13793
sql-tutorial,2024-02-14,13793
sql-tutorial,2024-02-15,13921
sql-tutorial,2024-02-16,14178
sql-tutorial,2024-02-17,14127
sql-tutorial,2024-02-18,14134
sql-tutorial,2024-02-21,14139
still,2023-09-01,30862
sys-tutorial,2024-02-14,3274
sys-tutorial,2024-02-15,4082
sys-tutorial,2024-02-16,4411
sys-tutorial,2024-02-17,5298
sys-tutorial,2024-02-18,5334
sys-tutorial,2024-02-19,5849
sys-tutorial,2024-02-21,6213
sys-tutorial,2024-02-24,7084
sys-tutorial,2024-02-26,7919
sys-tutorial,2024-03-02,9078
sys-tutorial,2024-03-03,9227
sys-tutorial,2024-03-05,9686
sys-tutorial,2024-03-08,5961
sys-tutorial,2024-03-15,6817
sys-tutorial,2024-03-20,8798
tuppence-a-bag,2023-11-04,1703
tuppence-a-bag,2023-11-05,996
voyage,2023-09-01,30306
wrestler,2023-09-01,6672
